{
    "LR": 0.0006358417306510211,
    "BATCH_SIZE": 64,
    "WEIGHT_DECAY": 0.0053798915552686665,
    "UNFREEZE_K": 6
}