{
    "LEARNING_RATE": 0.0006837454494310736,
    "MARGIN": 0.255336275341413,
    "EMBEDDING_SIZE": 128,
    "UNFREEZE_K": 8
}